{
  "completion_tokens": 28600,
  "concurrency": 1,
  "experiment": "example",
  "model": "mistralai/Mistral-7B-Instruct-v0.2",
  "mps": true,
  "n_requests": 200,
  "p50_s": 0.2616212551626414,
  "p95_s": 0.5763091934510259,
  "p99_s": 0.9202210392920709,
  "prompt_tokens": 15399,
  "req_per_s": 3.259713335991532,
  "scenario": "mig_emulation",
  "server": {},
  "timestamp": "example",
  "tok_per_s": 717.1369339181371,
  "total_tokens": 44000,
  "wall_time_s": 61.355088434230204,
  "workload": {}
}