{
  "completion_tokens": 28600,
  "concurrency": 16,
  "experiment": "example",
  "model": "mistralai/Mistral-7B-Instruct-v0.2",
  "mps": true,
  "n_requests": 200,
  "p50_s": 0.5878504460086335,
  "p95_s": 1.4109141038658832,
  "p99_s": 2.855544686977572,
  "prompt_tokens": 15399,
  "req_per_s": 25.914484054540594,
  "scenario": "mps",
  "server": {},
  "timestamp": "example",
  "tok_per_s": 5701.18649199893,
  "total_tokens": 44000,
  "wall_time_s": 7.717691757978763,
  "workload": {}
}