{
  "completion_tokens": 28600,
  "concurrency": 24,
  "experiment": "example",
  "model": "mistralai/Mistral-7B-Instruct-v0.2",
  "mps": true,
  "n_requests": 200,
  "p50_s": 0.7160560553748727,
  "p95_s": 1.880234025804815,
  "p99_s": 4.244304178980389,
  "prompt_tokens": 15399,
  "req_per_s": 27.390666282474545,
  "scenario": "mps",
  "server": {},
  "timestamp": "example",
  "tok_per_s": 6025.9465821444,
  "total_tokens": 44000,
  "wall_time_s": 7.301757392004977,
  "workload": {}
}