{
  "completion_tokens": 28600,
  "concurrency": 4,
  "experiment": "example",
  "model": "mistralai/Mistral-7B-Instruct-v0.2",
  "mps": true,
  "n_requests": 200,
  "p50_s": 0.3418763419779598,
  "p95_s": 0.7484441381627666,
  "p99_s": 1.1639744166805142,
  "prompt_tokens": 15399,
  "req_per_s": 9.88869179889001,
  "scenario": "mig_emulation",
  "server": {},
  "timestamp": "example",
  "tok_per_s": 2175.512195755802,
  "total_tokens": 44000,
  "wall_time_s": 20.22512219689663,
  "workload": {}
}