{
  "completion_tokens": 28600,
  "concurrency": 2,
  "experiment": "example",
  "model": "mistralai/Mistral-7B-Instruct-v0.2",
  "mps": true,
  "n_requests": 200,
  "p50_s": 0.3077745116146458,
  "p95_s": 0.6657353537090324,
  "p99_s": 1.1300248866621734,
  "prompt_tokens": 15399,
  "req_per_s": 8.000183195882064,
  "scenario": "mps",
  "server": {},
  "timestamp": "example",
  "tok_per_s": 1760.040303094054,
  "total_tokens": 44000,
  "wall_time_s": 24.99942752597791,
  "workload": {}
}